{"text": " But truly, I'm frightened. Not of the ghost, I've lived with Margaux's memory my whole life. I'm frightened of what happens when the wrecking ball comes. Where does an old actress go when her stage is gone?", "segments": [{"id": 0, "seek": 0, "start": 0.0, "end": 2.8000000000000003, "text": " But truly, I'm frightened.", "tokens": [50364, 583, 4908, 11, 286, 478, 28839, 13, 50504], "temperature": 0.0, "avg_logprob": -0.2636544457797346, "compression_ratio": 1.3825503355704698, "no_speech_prob": 0.005589690990746021}, {"id": 1, "seek": 0, "start": 2.8000000000000003, "end": 7.4, "text": " Not of the ghost, I've lived with Margaux's memory my whole life.", "tokens": [50504, 1726, 295, 264, 8359, 11, 286, 600, 5152, 365, 20000, 7511, 311, 4675, 452, 1379, 993, 13, 50734], "temperature": 0.0, "avg_logprob": -0.2636544457797346, "compression_ratio": 1.3825503355704698, "no_speech_prob": 0.005589690990746021}, {"id": 2, "seek": 0, "start": 7.4, "end": 11.4, "text": " I'm frightened of what happens when the wrecking ball comes.", "tokens": [50734, 286, 478, 28839, 295, 437, 2314, 562, 264, 21478, 278, 2594, 1487, 13, 50934], "temperature": 0.0, "avg_logprob": -0.2636544457797346, "compression_ratio": 1.3825503355704698, "no_speech_prob": 0.005589690990746021}, {"id": 3, "seek": 0, "start": 11.4, "end": 15.4, "text": " Where does an old actress go when her stage is gone?", "tokens": [50934, 2305, 775, 364, 1331, 15410, 352, 562, 720, 3233, 307, 2780, 30, 51134], "temperature": 0.0, "avg_logprob": -0.2636544457797346, "compression_ratio": 1.3825503355704698, "no_speech_prob": 0.005589690990746021}], "language": "en"}